scientific_name,common_name,establishment_status,notes
Acridotheres tristis,Common Myna,Established introduced,Introduced to Australia
Alauda arvensis,Eurasian Skylark,Established introduced,Introduced to Australia
Carduelis carduelis,European Goldfinch,Established introduced,Introduced to Australia
Chloris chloris,European Greenfinch,Established introduced,Introduced to Australia
Columba livia,Rock Dove,Established introduced,Introduced to Australia
Passer domesticus,House Sparrow,Established introduced,Introduced to Australia
Sturnus vulgaris,Common Starling,Established introduced,Introduced to Australia
Streptopelia chinensis,Spotted Dove,Established introduced,Introduced to Australia
Turdus merula,Common Blackbird,Established introduced,Introduced to Australia
